-- phpMyAdmin SQL Dump
-- version 5.2.0
-- https://www.phpmyadmin.net/
--
-- Хост: 127.0.0.1:3306
-- Время создания: Июл 08 2025 г., 12:29
-- Версия сервера: 8.0.30
-- Версия PHP: 8.1.9

SET SQL_MODE = "NO_AUTO_VALUE_ON_ZERO";
START TRANSACTION;
SET time_zone = "+00:00";


/*!40101 SET @OLD_CHARACTER_SET_CLIENT=@@CHARACTER_SET_CLIENT */;
/*!40101 SET @OLD_CHARACTER_SET_RESULTS=@@CHARACTER_SET_RESULTS */;
/*!40101 SET @OLD_COLLATION_CONNECTION=@@COLLATION_CONNECTION */;
/*!40101 SET NAMES utf8mb4 */;

--
-- База данных: `LibraryFund`
--

-- --------------------------------------------------------

--
-- Структура таблицы `Library`
--

CREATE TABLE `Library` (
  `Id` int NOT NULL,
  `Name` text NOT NULL,
  `Lat` double NOT NULL,
  `Lon` double NOT NULL,
  `Address` text NOT NULL,
  `Mail` varchar(255) NOT NULL,
  `Phone` varchar(45) NOT NULL
) ENGINE=InnoDB DEFAULT CHARSET=utf8mb4 COLLATE=utf8mb4_0900_ai_ci;

--
-- Дамп данных таблицы `Library`
--

INSERT INTO `Library` (`Id`, `Name`, `Lat`, `Lon`, `Address`, `Mail`, `Phone`) VALUES
(1, 'Михеев Групg', 55.573686641951475, 42.106475830078125, 'Навашинский городской округ, Нижегородская область, Приволжский федеральный округ, 602263, Россия', 'pimen2023@example.net', '+76898814232'),
(2, 'ОАО «Сысоева Николаев»', 58.011673, 56.2538931, '24, улица Луначарского, Ленинский район, Пермь, Пермский городской округ, Пермский край, Приволжский федеральный округ, 618000, Россия', 'serge_98@example.com', '80895463474'),
(4, 'Восточная горнорудная компания', 0, 0, 'п. Шелагонцы, наб. Шолохова, д. 4/7 стр. 664, 436572', 'viktorinnovikov@example.net', '81325776574'),
(5, 'ООО «Симонов»', 0, 0, 'ст. Можайск, пр. Моховой, д. 529 к. 21, 286596', 'ershovkarl@example.net', '+7 918 689 11 53'),
(6, 'АО «Никитин Орлова»', 0, 0, 'п. Котлас, наб. Трудовая, д. 877, 814196', 'kzatseva@example.net', '+73855167691'),
(7, 'ИП «Мишин Маркова»', 0, 0, 'п. Усинск, ул. Октябрьская, д. 38 к. 7/7, 807003', 'ilja_98@example.net', '85268901844'),
(8, 'Т Плюс', 0, 0, 'п. Смоленск, наб. Уральская, д. 7 стр. 18, 528228', 'evse_2006@example.com', '+7 110 724 29 41'),
(9, 'ЗАО «Носова Макаров»', 0, 0, 'с. Оренбург, наб. Толбухина, д. 140 к. 7/6, 831776', 'fekla_2005@example.org', '86704986150'),
(10, 'Жданова Инк', 0, 0, 'г. Клин, пр. Куйбышева, д. 277 стр. 8, 176756', 'maksim_58@example.net', '+7 576 076 3082'),
(11, 'asd', 55.7309766355099, 37.654266357421875, 'Краснохолмская набережная, Таганский район, Москва, Центральный федеральный округ, 115172, Россия', 'ex@fgg.rrr', '81234567890');

-- --------------------------------------------------------

--
-- Структура таблицы `Literature`
--

CREATE TABLE `Literature` (
  `Id` int NOT NULL,
  `Image` mediumblob,
  `Name` varchar(255) NOT NULL,
  `Description` text NOT NULL,
  `Author` varchar(255) NOT NULL,
  `ReleaseDate` date NOT NULL,
  `Publisher` varchar(255) NOT NULL,
  `TypeId` int NOT NULL,
  `Price` int DEFAULT '0'
) ENGINE=InnoDB DEFAULT CHARSET=utf8mb4 COLLATE=utf8mb4_0900_ai_ci;

--
-- Дамп данных таблицы `Literature`
--

INSERT INTO `Literature` (`Id`, `Image`, `Name`, `Description`, `Author`, `ReleaseDate`, `Publisher`, `TypeId`, `Price`) VALUES
(2, NULL, 'Концептуальная И Аналитическая Конгломерация', 'История о Модернизация критически важных приложений', 'Милица Владиславовна Некрасова', '1995-08-20', 'Эксмо', 4, 1187),
(3, NULL, 'Устойчивая И Двунаправленная Поддержка', 'История о Увеличение B2B диапазонов', 'Полина Игоревна Красильникова', '2023-05-14', 'Эксмо', 4, 1325),
(4, 0x89504e470d0a1a0a0000000d494844520000006a0000008d08060000005f60efad000000017352474200aece1ce90000000467414d410000b18f0bfc6105000000097048597300000ec300000ec301c76fa864000005c049444154785eedd7b169236014046197e82ad4c915a1f68e4b5d832e3003cb3238d173b6c117083448ec8bfe8fe7f3f9c2e3f1f8517ed75893ac49d6246b9235c99a644db2265993ac49d660870ad6246b9235c99a640d76a8604db2265993ac49d6e0233f589cf2bbc69a644db2265993ac49d6246b9235c99a644db2063b54b0265993ac49d6246bb043056b9235c99a644db2063b54b0265993ac49d6246bb043056b9235c99a644db2063b54b0265993ac49d6246bb043056b9235c99a644db2063b54b0265993ac49d6246bf0d683f7ebef9f5ff3eff9f96becf7aed86ee8fd9a35d8a18ed96ee8fd9a35d8a18ed96ee8fd9a35d8a18ed96ee8fd9a35d8a18ed96ee8fd9a35d8a18ed96ee8fd9a35d8a18ed96ee8fd9a35d8a18ed96ee8fd9a3578ebc16b7ff48a0d7cc57eef8aed86deaf59831dea98ed86deaf59831dea98ed86deaf59831dea98ed86deaf59831dea98ed86deaf59831dea98ed86deaf59831dea98ed86deaf59831dea98ed86deaf59833d788fd96ee8fd9a35d8a18ed96ee8fd9a35d8a18ed96ee8fd9a35d8a18ed96ee8fd9a35d8a18ed96ee8fd9a35d8a18ed96ee8fd9a35d8a18ed96ee8fd9a35d8a18ed96ee8fd9a35d883f798ed86deaf59831dea98ed86deaf59831dea98ed86deaf59831dea98ed86deaf59831dea98ed86deaf59831dea98ed86deaf59831dea98ed86deaf59831dea98ed86deaf59833d788fd96ee8fd9a35d8a18ed96ee8fd9a35d8a18ed96ee8fd9a35d8a18ed96ee8fd9a35d8a18ed96ee8fd9a35d8a18ed96ee8fd9a35d8a18ed96ee8fd9a35d8a18ed96ee8fd9a35d883f798ed86deaf59831dea98ed86deaf59831dea98ed86deaf59831dea98ed86deaf59831dea98ed86deaf59831dea98ed86deaf59831dea98ed86deaf59831dea98ed86deaf59833d788fd96ee8fd9a35d8a18ed96ee8fd9a35d8a18ed96ee8fd9a35d8a18ed96ee8fd9a35d8a18ed96ee8fd9a35d8a18ed96ee8fd9a35d8a18ed96ee8fd9a35d8a18ed96ee8fd9a35d883f798ed86deaf59831dea98ed86deaf59831dea98ed86deaf59831dea98ed86deaf59831dea98ed86deaf59831dea98ed86deaf59831dea98ed86deaf59831dea98ed86deaf59833d788fd96ee8fd9a35d8a18ed96ee8fd9a35d8a18ed96ee8fd9a35d8a18ed96ee8fd9a35d8a18ed96ee8fd9a35d8a18ed96ee8fd9a35d8a18ed96ee8fd9a35d8a18ed96ee8fd9a35d883f798ed86deaf59831dea98ed86deaf59831dea98ed86deaf59831dea98ed86deaf59831dea98ed86deaf59831dea98ed86deaf59831dea98ed86deaf59831dea98ed86deaf59833d788fd96ee8fd9a35d8a18ed96ee8fd9a35d8a18ed96ee8fd9a35d8a18ed96ee8fd9a35d8a18ed96ee8fd9a35d8a18ed96ee8fd9a35d8a18ed96ee8fd9a35d8a18ed96ee8fd9a35d883f798ed86deaf59831dea98ed86deaf59831dea98ed86deaf59831dea98ed86deaf59831dea98ed86deaf59831dea98ed86deaf59831dea98ed86deaf59831dea98ed86deaf59833d788fd96ee8fd9a35d8a18ed96ee8fd9a35d8a18ed96ee8fd9a35d8a18ed96ee8fd9a35d8a18ed96ee8fd9a35d8a18ed96ee8fd9a35d8a18ed96ee8fd9a35d8a18ed96ee8fd9a35d883f798ed86deaf59831dea98ed86deaf59831dea98ed86deaf59831dea98ed86deaf59831dea98ed86deaf59831dea98ed86deaf59831dea98ed86deaf59831dea98ed86deaf59833d788fd96ee8fd9a35d8a18ed96ee8fd9a35d8a18ed96ee8fd9a3578eb50cd9a644db2265993ac49d6246b9235c99a644db2063b54b0265993ac49d6246bb043056b9235c99a644db2063b54b0265993ac49d6246bb043056b9235c99a644db2066f3d789b35c99a644db2265993ac49d6246b9235c99a640d76a8604db2265993ac49d660870ad6246b9235c99a640d76a8604db2265993ac49d660870ad6246b9235c99a640d76a8604db2265993ac49d660870ad6246b9235c99a640d76a8604db2265993ac49d6600fde604db2265993ac49d660870ad6246b9235c99a64cdb7c7eb3f4bdcd474be4a4c800000000049454e44ae426082, 'Стабильный И Нейтральный Фреймвор', 'История о Оптимизациябеспроводных сообществ', 'Романов Ерофей Гурьеви', '2014-11-05', 'Эксм2', 2, 273),
(5, NULL, 'Эксклюзивный И Действенный Графический Интерфейс Пользователя', 'История о Инновация престижных инфопосредников', 'Андрей Вилорович Беляков', '2025-03-14', 'Наука', 6, 929),
(6, NULL, 'Переосмысленный И Широкий Анализатор', 'История о Оцифровка распространенных интернет-компаний', 'Мирослав Юлианович Чернов', '2014-03-04', 'Росмэн', 3, 533),
(7, NULL, 'Оцифрованный И Исполнительный Алгоритм', 'История о Сравнение B2B интерфейсов', 'Прохоров Серафим Арсенович', '2017-07-15', 'Наука', 4, 878),
(8, NULL, 'Сбалансированное И Заметное Использование', 'История о Производство совместных диапазонов', 'Гордеева Валерия Рубеновна', '2003-02-18', 'Азбука', 3, 298),
(9, NULL, 'Улучшенное И Методичное Использование', 'История о Охват вертикальных схем', 'Красильникова Таисия Ждановна', '1996-05-26', 'Манн, Иванов и Фербер', 2, 684),
(10, NULL, 'Совместимый И Промежуточный Графический Интерфейс Пользователя', 'История о Перепрофилирование ориентированных на пользователя инициатив', 'Алевтина Макаровна Калинина', '2017-01-18', 'Эксмо', 4, 1148),
(11, NULL, 'Сокращенный И Системный Анализатор', 'История о Инновация стандартных инфраструктур', 'Фомичева Ираида Архиповна', '2016-06-02', 'Манн, Иванов и Фербер', 5, 1361),
(12, NULL, 'Элегантная И Составная Служба Техподдержки', 'История о Ускорение виртуальных решений', 'Жукова София Макаровна', '2006-08-15', 'Эксмо', 5, 1386),
(13, NULL, 'Органичная И Заметная Способность', 'История о Приспособление стратегических областей интереса', 'Бирюков Тит Фомич', '2013-10-12', 'Азбука', 3, 670),
(14, NULL, 'Оцифрованный И Однородный Подход', 'История о Координация надежных сообществ', 'Авдеева Лидия Болеславовна', '2019-08-29', 'Питер', 6, 1008),
(15, NULL, 'Интуитивная И Оптимальная База Данных', 'История о Использование открытых интерфейсов', 'Анатолий Евстигнеевич Воронов', '2021-06-23', 'Азбука', 1, 471),
(16, NULL, 'Автономный И Основной Проект', 'История о Эксплуатация вертикальных архитектур', 'Дементьева Татьяна Яковлевна', '2020-11-16', 'АСТ', 6, 1196),
(17, NULL, 'Оптимизированный И Объектно-Ориентированный Модератор', 'История о Максимизация надежных веб-сервисов', 'Дементьев Изот Герасимович', '2018-12-10', 'Эксмо', 1, 1042),
(18, NULL, 'Обязательный И Методичный Продукт', 'История о Оцифровка расширяемых инфраструктур', 'Иларион Харлампьевич Абрамов', '2004-12-09', 'Манн, Иванов и Фербер', 2, 639),
(19, NULL, 'Горизонтальное И Составное Использование', 'История о Охват современных инфраструктур', 'Захар Аверьянович Шубин', '2023-05-29', 'Росмэн', 5, 773),
(20, NULL, 'Контролируемая И Третичная Сеть Экстранет', 'История о Культивация наглядных платформ', 'Козлова Ангелина Тарасовна', '2012-04-23', 'Эксмо', 1, 873),
(21, NULL, 'Многослойная И Мультимедийная Сеть Экстранет', 'История о Продление безотказных сообществ', 'Наумова Марина Болеславовна', '2023-10-03', 'Манн, Иванов и Фербер', 1, 1242),
(22, NULL, 'Децентрализованный И Пошаговый Мониторинг', 'История о Преображение целостных решений', 'Суханова София Романовна', '2021-07-24', 'АСТ', 2, 855),
(23, NULL, 'Увеличенная И Методичная Суперструктура', 'История о Визуализация революционных функций', 'Фокина Агафья Викторовна', '2016-10-22', 'Азбука', 3, 685),
(24, NULL, 'Расширенная И Объектно-Ориентированная Парадигма', 'История о Реализация передовых интернет-продавцов', 'Людмила Борисовна Лазарева', '2016-09-30', 'Азбука', 1, 427),
(25, NULL, 'Увеличенная И Раздвоенная Поддержка', 'История о Ускорение цельных решений', 'Колесникова Лукия Ефимовна', '2014-05-10', 'Питер', 2, 1276),
(26, NULL, 'Концептуальная И Мобильная Иерархия', 'История о Модернизация фронт-энд ниш', 'Фадей Еремеевич Нестеров', '2009-05-21', 'Азбука', 2, 974),
(27, NULL, 'Виртуальный И Целостный Алгоритм', 'История о Обеспечение интегрированных результатов', 'Гедеон Владиленович Панфилов', '1997-07-31', 'Манн, Иванов и Фербер', 3, 432),
(28, NULL, 'Дублируемая И Радикальная Суперструктура', 'История о Перепрофилирование притягательных интернет-услуг', 'Ярополк Фомич Шарапов', '2002-09-25', 'Эксмо', 3, 671),
(29, NULL, 'Делегируемая И Итернациональная Установка', 'История о Оптимизация революционных действий', 'Григорьев Игнатий Ермилович', '1999-10-22', 'АСТ', 3, 1293),
(30, NULL, 'Многоканальная И Методичная Суперструктура', 'История о Итерация B2C областей интереса', 'Лаврентьев Ипполит Ануфриевич', '1996-12-24', 'Наука', 4, 453),
(31, NULL, 'Оптимизированное И Приоритетное Групповое Программное Обеспечение', 'История о Освоение динамичных действий', 'Никодим Феликсович Богданов', '2008-12-14', 'Питер', 4, 783),
(32, NULL, 'Глубокое И Круглосуточное Хранилище Данных', 'История о Включение сетевых сетей', 'Василиса Яковлевна Русакова', '2014-01-15', 'АСТ', 5, 723),
(33, NULL, 'Дублируемый И Составной Доступ', 'История о Разворачивание масштабируемых сетей', 'Ангелина Михайловна Брагина', '2009-10-19', 'Манн, Иванов и Фербер', 2, 1103),
(34, NULL, 'Универсальное И Действенное Оборудование', 'История о Визуализация популярных архитектур', 'Ольга Артемовна Зыкова', '2005-11-26', 'Манн, Иванов и Фербер', 3, 844),
(35, NULL, 'Безопасный И Системный Набор Инструкций', 'История о Использование интуитивных приложений', 'Степанов Харлампий Ефстафьевич', '2007-05-26', 'Росмэн', 6, 1042),
(36, NULL, 'Улучшенный И Локальный Протокол', 'История о Модернизация концептуальных схем', 'Некрасов Сигизмунд Валерьевич', '2012-12-10', 'Наука', 5, 603),
(37, NULL, 'Инверсная И Инструктивная Парадигма', 'История о Использование фронт-энд систем снабжения', 'Любовь Леоновна Власова', '1997-07-22', 'Наука', 3, 1182),
(38, NULL, 'Концептуальное И Систематическое Совершенствование Процесса', 'История о Освоение действенных веб-сервисов', 'Лидия Руслановна Большакова', '2013-01-03', 'Азбука', 6, 1215),
(39, NULL, 'Устойчивая И Эвристическая Реализация', 'История о Переопределение богатых партнерств', 'Ефим Витальевич Корнилов', '2022-07-19', 'АСТ', 4, 882),
(40, NULL, 'Поэтапное И Эвристическое Шифрование', 'История о Формирование кроссплатформенных схем', 'Всеволод Захарьевич Кабанов', '1996-02-10', 'Наука', 1, 1046),
(41, NULL, 'Адаптивное И Экоцентричное Программное Обеспечение', 'История о Синхронизация стратегических порталов', 'Гордеева Иванна Геннадьевна', '2001-09-02', 'Наука', 3, 576),
(42, NULL, 'Интегрированная И Ультрасовременная База Знаний', 'История о Модернизация богатых платформ', 'Овчинникова Татьяна Константиновна', '2006-03-23', 'Наука', 6, 1187),
(43, NULL, 'Централизованное И Эвристическое Оборудование', 'История о Переход вертикальных ниш', 'Валентина Валериевна Гаврилова', '2017-10-18', 'Росмэн', 4, 239),
(44, NULL, 'Удобная И Круглосуточная Возможность', 'История о Максимизация прибыльных технологий', 'Стрелкова Ия Юрьевна', '2007-09-30', 'Эксмо', 4, 421),
(45, NULL, 'Синхронизированный И Связный Вызов', 'История о Максимизация цельных метрик', 'Лукина Синклитикия Аркадьевна', '2000-08-05', 'Азбука', 4, 505),
(46, NULL, 'Глубокая И Радикальная Концепция', 'История о Преображение ультрасовременных методик', 'Борисов Виктор Гордеевич', '2005-12-31', 'Питер', 5, 489),
(47, NULL, 'Органичный И Энергонезависимый Массив', 'История о Трансформация веб-ориентированных интерфейсов', 'Хохлова Жанна Игоревна', '2007-02-10', 'Азбука', 5, 1135),
(48, NULL, 'Стабильная И Аналитическая База Данных', 'История о Генерация беспроводных инфраструктур', 'Антип Всеволодович Щукин', '2010-10-14', 'Наука', 1, 401),
(49, NULL, 'Реализованный И Встречный Архив', 'История о Итерация соблазнительных функций', 'Аникита Евсеевич Бобров', '2011-08-07', 'Эксмо', 2, 607),
(50, NULL, 'Превентивное И Третичное Программное Обеспечение', 'История о Производство популярных схем', 'Сысоева Нинель Петровна', '2010-07-07', 'АСТ', 6, 1158),
(51, NULL, '123', '123', '123', '2025-07-09', '123', 3, 123);

-- --------------------------------------------------------

--
-- Структура таблицы `LiteratureType`
--

CREATE TABLE `LiteratureType` (
  `Id` int NOT NULL,
  `Type` varchar(25) NOT NULL
) ENGINE=InnoDB DEFAULT CHARSET=utf8mb4 COLLATE=utf8mb4_0900_ai_ci;

--
-- Дамп данных таблицы `LiteratureType`
--

INSERT INTO `LiteratureType` (`Id`, `Type`) VALUES
(1, 'Книга'),
(2, 'Бумага'),
(3, 'Журнал'),
(4, 'Коллекция'),
(5, 'Диссертация'),
(6, 'Отчет');

-- --------------------------------------------------------

--
-- Структура таблицы `Refill`
--

CREATE TABLE `Refill` (
  `Id` int NOT NULL,
  `Date` date NOT NULL,
  `StaffId` int NOT NULL,
  `LibraryId` int NOT NULL,
  `LiteratureId` int NOT NULL,
  `Count` int NOT NULL DEFAULT '10'
) ENGINE=InnoDB DEFAULT CHARSET=utf8mb4 COLLATE=utf8mb4_0900_ai_ci;

--
-- Дамп данных таблицы `Refill`
--

INSERT INTO `Refill` (`Id`, `Date`, `StaffId`, `LibraryId`, `LiteratureId`, `Count`) VALUES
(1, '2012-03-08', 5, 2, 45, 73),
(2, '2020-01-08', 7, 1, 15, 127),
(3, '2016-04-29', 4, 2, 48, 138),
(4, '2022-07-07', 5, 6, 32, 86),
(8, '2020-06-11', 4, 1, 12, 164),
(9, '2022-09-03', 6, 9, 7, 196),
(10, '2011-11-06', 4, 9, 32, 192),
(11, '2020-05-25', 7, 6, 17, 46),
(12, '2021-01-13', 2, 6, 50, 107),
(13, '2017-10-23', 7, 6, 14, 189),
(14, '2019-08-29', 7, 1, 13, 110),
(15, '2019-01-14', 2, 8, 24, 92),
(16, '2025-06-27', 6, 6, 10, 216),
(17, '2020-11-22', 6, 4, 44, 133),
(18, '2011-02-09', 4, 4, 4, 206),
(19, '2023-09-22', 6, 6, 30, 192),
(20, '2021-06-10', 4, 8, 32, 140),
(21, '2017-04-13', 2, 8, 42, 93),
(22, '2025-01-31', 5, 2, 41, 116),
(23, '2023-07-16', 6, 6, 19, 67),
(25, '2011-04-09', 2, 2, 43, 214),
(26, '2025-07-02', 6, 4, 36, 286),
(27, '2015-03-12', 4, 4, 41, 131),
(28, '2012-09-26', 4, 4, 50, 85),
(30, '2021-01-31', 5, 9, 24, 160),
(31, '2023-01-03', 2, 4, 46, 212),
(32, '2023-08-02', 4, 10, 38, 162),
(33, '2015-10-02', 7, 9, 9, 241),
(34, '2025-07-10', 6, 1, 8, 123),
(35, '2025-07-08', 6, 1, 2, 123);

-- --------------------------------------------------------

--
-- Структура таблицы `User`
--

CREATE TABLE `User` (
  `Id` int NOT NULL,
  `FIO` text NOT NULL,
  `Phone` varchar(45) NOT NULL,
  `Password` text NOT NULL,
  `RoleId` int NOT NULL
) ENGINE=InnoDB DEFAULT CHARSET=utf8mb4 COLLATE=utf8mb4_0900_ai_ci;

--
-- Дамп данных таблицы `User`
--

INSERT INTO `User` (`Id`, `FIO`, `Phone`, `Password`, `RoleId`) VALUES
(2, 'Гуляева Кира Ниловна', '+70171214306', '80WAnb3j&_', 2),
(3, 'Октябрина Львовна Ларионова', '80918028468', '_Ig9cLgD&P', 1),
(4, 'Таисия Степановна Герасимова', '+73512521196', '_hR+oohry8', 2),
(5, 'Селиван Августович Копылов', '87412186807', 'B!3!WRYhgg', 2),
(6, 'Админ Админ Админ', '89082697662', 'admin', 3),
(7, 'ыорп ыва ываы', '81234567890', '123', 2);

-- --------------------------------------------------------

--
-- Структура таблицы `UserOrder`
--

CREATE TABLE `UserOrder` (
  `Id` int NOT NULL,
  `User` int NOT NULL,
  `Library` int NOT NULL,
  `Literature` int NOT NULL
) ENGINE=InnoDB DEFAULT CHARSET=utf8mb4 COLLATE=utf8mb4_0900_ai_ci;

-- --------------------------------------------------------

--
-- Структура таблицы `UserRoles`
--

CREATE TABLE `UserRoles` (
  `Id` int NOT NULL,
  `Role` varchar(5) NOT NULL
) ENGINE=InnoDB DEFAULT CHARSET=utf8mb4 COLLATE=utf8mb4_0900_ai_ci;

--
-- Дамп данных таблицы `UserRoles`
--

INSERT INTO `UserRoles` (`Id`, `Role`) VALUES
(1, 'User'),
(2, 'Staff'),
(3, 'Admin');

--
-- Индексы сохранённых таблиц
--

--
-- Индексы таблицы `Library`
--
ALTER TABLE `Library`
  ADD PRIMARY KEY (`Id`);

--
-- Индексы таблицы `LiteratureType`
--
ALTER TABLE `LiteratureType`
  ADD PRIMARY KEY (`Id`);

--
-- Индексы таблицы `Refill`
--
ALTER TABLE `Refill`
  ADD PRIMARY KEY (`Id`),
  ADD KEY `LibraryId` (`LibraryId`),
  ADD KEY `LiteratureId` (`LiteratureId`),
  ADD KEY `StaffId` (`StaffId`);

--
-- Индексы таблицы `User`
--
ALTER TABLE `User`
  ADD PRIMARY KEY (`Id`),
  ADD KEY `RoleId` (`RoleId`);

--
-- Индексы таблицы `UserOrder`
--
ALTER TABLE `UserOrder`
  ADD PRIMARY KEY (`Id`),
  ADD KEY `Library` (`Library`),
  ADD KEY `Literature` (`Literature`),
  ADD KEY `User` (`User`);

--
-- Индексы таблицы `UserRoles`
--
ALTER TABLE `UserRoles`
  ADD PRIMARY KEY (`Id`);

--
-- AUTO_INCREMENT для сохранённых таблиц
--

--
-- AUTO_INCREMENT для таблицы `Library`
--
ALTER TABLE `Library`
  MODIFY `Id` int NOT NULL AUTO_INCREMENT, AUTO_INCREMENT=12;

--
-- AUTO_INCREMENT для таблицы `LiteratureType`
--
ALTER TABLE `LiteratureType`
  MODIFY `Id` int NOT NULL AUTO_INCREMENT;

--
-- AUTO_INCREMENT для таблицы `Refill`
--
ALTER TABLE `Refill`
  MODIFY `Id` int NOT NULL AUTO_INCREMENT, AUTO_INCREMENT=36;

--
-- AUTO_INCREMENT для таблицы `User`
--
ALTER TABLE `User`
  MODIFY `Id` int NOT NULL AUTO_INCREMENT, AUTO_INCREMENT=8;

--
-- AUTO_INCREMENT для таблицы `UserOrder`
--
ALTER TABLE `UserOrder`
  MODIFY `Id` int NOT NULL AUTO_INCREMENT, AUTO_INCREMENT=2;

--
-- AUTO_INCREMENT для таблицы `UserRoles`
--
ALTER TABLE `UserRoles`
  MODIFY `Id` int NOT NULL AUTO_INCREMENT;

--
-- Ограничения внешнего ключа сохраненных таблиц
--

--
-- Ограничения внешнего ключа таблицы `Refill`
--
ALTER TABLE `Refill`
  ADD CONSTRAINT `refill_ibfk_1` FOREIGN KEY (`LibraryId`) REFERENCES `Library` (`Id`) ON DELETE CASCADE ON UPDATE CASCADE,
  ADD CONSTRAINT `refill_ibfk_3` FOREIGN KEY (`StaffId`) REFERENCES `User` (`Id`) ON DELETE CASCADE ON UPDATE CASCADE;

--
-- Ограничения внешнего ключа таблицы `User`
--
ALTER TABLE `User`
  ADD CONSTRAINT `user_ibfk_1` FOREIGN KEY (`RoleId`) REFERENCES `UserRoles` (`Id`) ON DELETE CASCADE ON UPDATE CASCADE;

--
-- Ограничения внешнего ключа таблицы `UserOrder`
--
ALTER TABLE `UserOrder`
  ADD CONSTRAINT `userorder_ibfk_1` FOREIGN KEY (`Library`) REFERENCES `Library` (`Id`) ON DELETE CASCADE ON UPDATE CASCADE,
  ADD CONSTRAINT `userorder_ibfk_3` FOREIGN KEY (`User`) REFERENCES `User` (`Id`) ON DELETE CASCADE ON UPDATE CASCADE;
COMMIT;

/*!40101 SET CHARACTER_SET_CLIENT=@OLD_CHARACTER_SET_CLIENT */;
/*!40101 SET CHARACTER_SET_RESULTS=@OLD_CHARACTER_SET_RESULTS */;
/*!40101 SET COLLATION_CONNECTION=@OLD_COLLATION_CONNECTION */;
